{
  "timestamp": "2026-02-21T14:03:51.546271",
  "retrieval": {
    "precision@3": 0.3333333333333333,
    "recall@5": 0.5,
    "ndcg@3": 0.7601875334318685,
    "mrr": 1.0,
    "map": 0.5
  },
  "deduplication": {
    "accuracy": 0.5,
    "total_cases": 2,
    "correct": 1
  },
  "performance": {
    "store_latency_p50": 113.45284996787086,
    "store_latency_p95": 137.1222300105728,
    "search_latency_p50": 217.7541499841027,
    "search_latency_p95": 305.67160001955915,
    "n_operations": 50
  }
}