{
  "timestamp": "2026-02-21T14:38:33.449092",
  "retrieval": {
    "precision@3": 0.1695906432748538,
    "recall@5": 0.39473684210526316,
    "ndcg@3": 0.4202147804841147,
    "mrr": 0.4649122807017544,
    "map": 0.38596491228070173
  },
  "deduplication": {
    "accuracy": 1.0,
    "total_cases": 2,
    "correct": 2
  },
  "performance": {
    "store_latency_p50": 138.4209500392899,
    "store_latency_p95": 173.28336497885172,
    "search_latency_p50": 99.64729996863753,
    "search_latency_p95": 156.73543493612667,
    "n_operations": 50
  }
}