{
  "timestamp": "2026-02-18T16:53:57.757491",
  "retrieval": {
    "precision@3": 0.3333333333333333,
    "recall@5": 0.5,
    "ndcg@3": 0.38009376671593426,
    "mrr": 0.3333333333333333,
    "map": 0.16666666666666666
  },
  "deduplication": {
    "accuracy": 0.0,
    "total_cases": 2,
    "correct": 0
  },
  "performance": {
    "store_latency_p50": 102.53269999520853,
    "store_latency_p95": 145.39052998297848,
    "search_latency_p50": 119.22095000045374,
    "search_latency_p95": 216.8972849671263,
    "n_operations": 50
  }
}