{
  "timestamp": "2026-02-18T16:41:54.396425",
  "retrieval": {
    "precision@3": 0.3333333333333333,
    "recall@5": 0.5,
    "ndcg@3": 0.7601875334318685,
    "mrr": 1.0,
    "map": 0.5
  },
  "deduplication": {
    "accuracy": 0.0,
    "total_cases": 2,
    "correct": 0
  },
  "performance": {
    "store_latency_p50": 68.47555001149885,
    "store_latency_p95": 112.01093000127003,
    "search_latency_p50": 105.22405002848245,
    "search_latency_p95": 225.76419001852622,
    "n_operations": 50
  }
}