{
  "timestamp": "2026-02-18T16:55:42.448563",
  "retrieval": {
    "precision@3": 0.3333333333333333,
    "recall@5": 0.5,
    "ndcg@3": 0.7601875334318685,
    "mrr": 1.0,
    "map": 0.5
  },
  "deduplication": {
    "accuracy": 0.0,
    "total_cases": 2,
    "correct": 0
  },
  "performance": {
    "store_latency_p50": 76.27190003404394,
    "store_latency_p95": 127.87454499630257,
    "search_latency_p50": 121.03519999072887,
    "search_latency_p95": 194.8597500217147,
    "n_operations": 50
  }
}