{
  "timestamp": "2026-02-18T16:16:03.366945",
  "retrieval": {
    "precision@3": 0.6666666666666666,
    "recall@5": 1.0,
    "ndcg@3": 0.9502344167898356,
    "mrr": 1.0,
    "map": 0.8333333333333333
  },
  "deduplication": {
    "accuracy": 0.0,
    "total_cases": 2,
    "correct": 0
  },
  "performance": {
    "store_latency_p50": 337.7563999965787,
    "store_latency_p95": 445.93132002337364,
    "search_latency_p50": 356.3104000349995,
    "search_latency_p95": 397.1883099846309,
    "n_operations": 50
  }
}